
{
"bot-name": "LUCKY-XD",
  "description": "ᴊᴀᴠᴀsᴄʀɪᴘᴛ ᴡʜᴀᴛsᴀᴘᴘ ʙᴏᴛ ᴄʀᴇᴀᴛᴇᴅ ʙʏ ʟᴜᴄᴋʏ ➋➊➑",
  "logo": "https://files.catbox.moe/4itzeu.jpg",
  "keywords": ["bot"],
  "documentation-link": "https://malvinxd-pairsession.onrender.com/",
    "owner-verification":"malvink003@gmail.com",
  
    "env": {
      "SESSION_ID": {
        "description": "Put your SESSION_ID here. It starts with lucky~",
        "value":"",
        "required": true
        
      },
      
    "OWNER_NUMBER": {
      "description": "Enter owner number",
      "required": true,
      "value": "256789966218"
      
       },
      "TIMEZONE": {
      "description": "Enter country timezone",
      "required": true,
      "value": "Africa/Kampala"

    }  
  }
}
